Date, L1 (layered) , L2 (layered) , L3 (layered) , L6 (layered) , L12 (layered) , L24 (layered) , L36 (layered) , L48 (layered) , L60 (layered) , L84 (layered) , L120 (layered) ,MBBSW-1(floating)  ,ABBSW-1(floating)  ,GE Treasury Floating MC Rate 1 Month  ,GE Treasury Floating MC Rate 3 Month  ,GE Treasury Floating MC Rate 6 Month
3/1/2005,0.0602,0.061233,0.061733,0.06275,0.0629,0.061950704,0.062750986,0.06314078,0.063603379,0.064283091,0.065666295,0.0607,0.005
6/6/2005,0.0606,0.0607,0.0608,0.0611,0.0603,0.059,0.0591,0.059,0.0595,0.0601,0.0608,0.06,0.005
6/7/2005,0.0604,0.0606,0.0609,0.0609,0.0602,0.0584,0.0585,0.0587,0.0592,0.0599,0.0605,0.0599,0.005
6/17/2005,0.0604,0.0607,0.0608,0.0612,0.0608,0.0593,0.0596,0.06,0.0605,0.0611,0.0619,0.06,0.005
6/20/2005,0.0604,0.0607,0.0609,0.0613,0.0609,0.0594,0.06,0.0601,0.0605,0.0612,0.062,0.06,0.005
6/21/2005,0.0605,0.0607,0.0608,0.0613,0.0608,0.0594,0.0598,0.0602,0.0606,0.0612,0.0621,0.06,0.005
6/22/2005,0.0605,0.0607,0.0608,0.0612,0.0607,0.059,0.0594,0.0594,0.0599,0.0605,0.0612,0.06,0.005
6/23/2005,0.0604,0.0607,0.0609,0.0612,0.0605,0.0589,0.0594,0.0593,0.0599,0.0603,0.061,0.0599,0.005
6/24/2005,0.0604,0.0606,0.0607,0.0611,0.0602,0.0585,0.0586,0.0585,0.0591,0.0597,0.0603,0.0599,0.005
6/27/2005,0.0604,0.0606,0.0607,0.0611,0.0601,0.0583,0.0586,0.0585,0.059,0.0597,0.0603,0.0599,0.005
6/28/2005,0.0604,0.0607,0.0608,0.061,0.0602,0.0586,0.0591,0.059,0.0595,0.0599,0.0607,0.0599,0.005
6/29/2005,0.0605,0.0606,0.0608,0.0611,0.0602,0.0587,0.0592,0.0592,0.0596,0.06,0.0607,0.0599,0.005
6/30/2005,0.0606,0.0607,0.0609,0.0612,0.0601,0.0583,0.0586,0.0589,0.0593,0.0599,0.0607,0.0599,0.005
7/1/2005,0.0604,0.0605,0.0607,0.0609,0.0602,0.0586,0.0587,0.059,0.0594,0.0599,0.0606,0.0598,0.005
7/5/2005,0.0603,0.0605,0.0606,0.061,0.0605,0.0591,0.0596,0.0596,0.06,0.0605,0.0613,0.0598,0.005
7/6/2005,0.0605,0.0606,0.0607,0.061,0.0604,0.0589,0.0594,0.0594,0.0598,0.0602,0.061,0.0598,0.005
7/7/2005,0.0604,0.0605,0.0607,0.061,0.0605,0.0589,0.0592,0.0591,0.0595,0.0601,0.0608,0.0599,0.005
7/8/2005,0.0604,0.0605,0.0607,0.0611,0.0605,0.0589,0.0593,0.0592,0.0596,0.0601,0.0609,0.0599,0.005
7/11/2005,0.0604,0.0606,0.0607,0.0611,0.0606,0.0591,0.0594,0.0597,0.0601,0.0606,0.0613,0.0599,0.005
7/12/2005,0.0604,0.0606,0.0607,0.0612,0.0608,0.0595,0.0598,0.0601,0.0605,0.061,0.0618,0.0598,0.005
7/14/2005,0.0604,0.0606,0.0607,0.0612,0.0608,0.0595,0.0598,0.0601,0.0601,0.0608,0.0617,0.0598,0.005
7/15/2005,0.0604,0.0605,0.0607,0.0612,0.0608,0.0592,0.0593,0.0596,0.06,0.0605,0.0613,0.0598,0.005
7/18/2005,0.0603,0.0605,0.0606,0.061,0.0607,0.0595,0.06,0.0599,0.0603,0.0608,0.0617,0.0598,0.005
7/19/2005,0.0603,0.0605,0.0607,0.0613,0.061,0.0597,0.0602,0.0603,0.0606,0.061,0.0618,0.0598,0.005
7/20/2005,0.0603,0.0605,0.0606,0.0612,0.061,0.0598,0.0598,0.0601,0.0605,0.0607,0.0616,0.0598,0.005
7/21/2005,0.0603,0.0605,0.0606,0.0612,0.0608,0.0593,0.0597,0.0597,0.0601,0.0607,0.0615,0.0598,0.005
7/22/2005,0.0603,0.0605,0.0607,0.0612,0.061,0.0598,0.0599,0.0598,0.0602,0.0608,0.0617,0.0598,0.005
7/25/2005,0.0604,0.0605,0.0607,0.0611,0.0608,0.0596,0.0597,0.0596,0.06,0.0605,0.0614,0.0598,0.005
7/26/2005,0.0604,0.0605,0.0608,0.061,0.0607,0.0595,0.0596,0.0599,0.0603,0.0606,0.0616,0.0598,0.005
7/27/2005,0.0604,0.0605,0.0607,0.0611,0.0605,0.0592,0.0594,0.0597,0.0601,0.0606,0.0615,0.0598,0.005
7/28/2005,0.0603,0.0605,0.0606,0.061,0.0602,0.059,0.0592,0.0594,0.0598,0.0604,0.0612,0.0597,0.005
7/29/2005,0.0604,0.0606,0.0608,0.0612,0.0604,0.0593,0.0594,0.0597,0.0601,0.0607,0.0615,0.0598,0.005
8/2/2005,0.0604,0.0606,0.0608,0.0611,0.0608,0.0596,0.06,0.0603,0.0606,0.0614,0.0622,0.0598,0.005
8/3/2005,0.0604,0.0606,0.0608,0.0614,0.0609,0.0599,0.0601,0.0605,0.0609,0.0615,0.0625,0.0598,0.005
8/4/2005,0.0603,0.0605,0.0608,0.0612,0.0609,0.0598,0.06,0.0603,0.0601,0.0608,0.0621,0.0597,0.005
8/5/2005,0.0603,0.0605,0.0607,0.0613,0.0612,0.06,0.0602,0.0606,0.061,0.062,0.0625,0.0597,0.005
8/8/2005,0.0604,0.0606,0.0608,0.0616,0.0608,0.0596,0.0601,0.0608,0.0612,0.0621,0.0632,0.0598,0.005
8/9/2005,0.0603,0.0605,0.0606,0.061,0.0605,0.0594,0.0597,0.0605,0.061,0.0619,0.0629,0.0596,0.005
8/10/2005,0.0602,0.0604,0.0606,0.0609,0.0603,0.0589,0.0592,0.0599,0.0605,0.0613,0.0623,0.0596,0.005
8/11/2005,0.0602,0.0604,0.0607,0.0609,0.0607,0.0595,0.0598,0.0606,0.061,0.062,0.063,0.0596,0.005
8/12/2005,0.0601,0.0603,0.0605,0.061,0.0604,0.0592,0.0595,0.0599,0.0604,0.0618,0.063,0.0595,0.005
8/15/2005,0.0601,0.0604,0.0606,0.0608,0.0602,0.0587,0.059,0.0593,0.0598,0.0604,0.0619,0.0595,0.005
8/16/2005,0.0602,0.0604,0.0606,0.0608,0.0603,0.0587,0.0588,0.0594,0.0599,0.0606,0.0618,0.0595,0.005
8/17/2005,0.06,0.0603,0.0605,0.0607,0.06,0.0584,0.0585,0.059,0.0595,0.0599,0.0611,0.0595,0.005
8/18/2005,0.0601,0.0604,0.0605,0.0608,0.0601,0.0583,0.0584,0.0589,0.0594,0.0599,0.0611,0.0595,0.005
8/19/2005,0.06,0.0603,0.0605,0.0608,0.0601,0.0582,0.0585,0.0589,0.0591,0.0596,0.0606,0.0595,0.005
8/23/2005,0.0601,0.0603,0.0604,0.0607,0.0601,0.0583,0.0584,0.0589,0.0594,0.0598,0.0609,0.0595,0.005
8/24/2005,0.06,0.0603,0.0604,0.0607,0.0601,0.0583,0.0585,0.059,0.0595,0.0599,0.0609,0.0594,0.005
8/25/2005,0.0601,0.0603,0.0604,0.0607,0.06,0.0582,0.0586,0.0591,0.0596,0.0599,0.061,0.0594,0.005
8/26/2005,0.0601,0.0603,0.0604,0.0606,0.0598,0.0581,0.0581,0.0586,0.0591,0.0595,0.0604,0.0594,0.005
8/29/2005,0.0601,0.0602,0.0603,0.0605,0.0597,0.0577,0.0577,0.0582,0.0586,0.0591,0.06,0.0594,0.005
8/30/2005,0.0601,0.0603,0.0605,0.0606,0.0599,0.0579,0.058,0.0584,0.0588,0.0593,0.0605,0.0594,0.005
8/31/2005,0.0604,0.0604,0.0605,0.0605,0.0595,0.0576,0.0575,0.058,0.0585,0.0589,0.0599,0.0596,0.005
9/1/2005,0.0601,0.0602,0.0603,0.0603,0.0592,0.0572,0.0572,0.0577,0.0581,0.0586,0.0597,0.0594,0.005
9/2/2005,0.0601,0.0602,0.0602,0.0602,0.0585,0.0567,0.0568,0.0573,0.0578,0.0585,0.0598,0.0594,0.005
9/6/2005,0.0603,0.0602,0.0603,0.0601,0.0589,0.0572,0.0574,0.0579,0.0585,0.059,0.0602,0.0594,0.005
9/7/2005,0.0604,0.0604,0.0606,0.0605,0.0596,0.0577,0.058,0.0586,0.0591,0.0596,0.0607,0.0596,0.005
9/8/2005,0.0604,0.0604,0.0605,0.0605,0.0597,0.058,0.0583,0.0588,0.0593,0.0598,0.0609,0.0596,0.005
9/12/2005,0.0605,0.0608,0.0609,0.0609,0.0604,0.0588,0.0589,0.0595,0.0599,0.0603,0.0614,0.0597,
9/13/2005,0.0607,0.0607,0.0609,0.061,0.0605,0.0588,0.059,0.0595,0.06,0.0604,0.0615,0.0597,
9/14/2005,0.0607,0.0607,0.0607,0.0609,0.0604,0.0586,0.0587,0.0591,0.0596,0.06,0.0611,0.0597,
9/15/2005,0.0607,0.0607,0.0608,0.0611,0.0605,0.0588,0.0589,0.0594,0.0598,0.0602,0.0613,0.0597,
9/16/2005,0.0605,0.0607,0.0608,0.061,0.0607,0.059,0.059,0.0595,0.06,0.0604,0.0616,0.0597,
9/19/2005,0.0608,0.061,0.0611,0.0614,0.061,0.0593,0.0595,0.06,0.0604,0.0608,0.062,0.0596
9/20/2005,0.0608,0.061,0.0611,0.0614,0.0611,0.0593,0.0595,0.06,0.0604,0.061,0.0622,0.0596
9/22/2005,0.0605,0.0608,0.0609,0.0614,0.0608,0.0589,0.0591,0.0592,0.0596,0.0603,0.0614,0.0595
9/23/2005,0.0605,0.0608,0.061,0.0613,0.0611,0.0592,0.059,0.0593,0.0599,0.0603,0.0612,0.0595
9/26/2005,0.0605,0.0606,0.0609,0.0612,0.0612,0.0599,0.06,0.0604,0.0607,0.0613,0.0618,0.0595
9/27/2005,0.0607,0.0608,0.061,0.0613,0.0615,0.0602,0.0603,0.0608,0.0611,0.0619,0.0624,0.0597
9/28/2005,0.0607,0.0608,0.0611,0.0614,0.0615,0.0605,0.0609,0.061,0.0613,0.062,0.0626,0.0597
9/29/2005,0.0609,0.0609,0.061,0.0615,0.0616,0.0602,0.0603,0.0608,0.0611,0.0617,0.0622,0.0598
9/30/2005,0.0609,0.0609,0.0612,0.0616,0.0615,0.0603,0.0605,0.0611,0.0613,0.062,0.0625,0.0598
10/4/2005,0.0607,0.0609,0.061,0.0615,0.0619,0.0606,0.0612,0.0618,0.0618,0.0627,0.0632,0.0598
10/5/2005,0.0608,0.0608,0.0609,0.0614,0.0616,0.0604,0.0609,0.0615,0.0616,0.0624,0.0628,0.0597
10/6/2005,0.0607,0.0608,0.0609,0.0615,0.0614,0.06,0.0604,0.061,0.061,0.0619,0.0622,0.0597
10/7/2005,0.0605,0.0607,0.0608,0.0614,0.0615,0.0601,0.0605,0.0611,0.0611,0.0619,0.0623,0.0596
10/11/2005,0.0603,0.0606,0.0609,0.0616,0.0617,0.0602,0.0605,0.061,0.061,0.0619,0.0623,0.0595
10/12/2005,0.0604,0.0606,0.0609,0.0617,0.0619,0.0606,0.061,0.0615,0.0615,0.0622,0.0626,0.0595
10/13/2005,0.0605,0.0607,0.061,0.0618,0.0618,0.0606,0.0613,0.0615,0.0615,0.0625,0.063,0.0596
10/14/2005,0.0605,0.0607,0.0609,0.0617,0.0621,0.0608,0.0613,0.0621,0.0621,0.063,0.0635,0.0596
10/17/2005,0.0605,0.0607,0.0611,0.0619,0.062,0.0607,0.0612,0.0619,0.0622,0.0629,0.0633,0.0596
10/18/2005,0.0605,0.0607,0.061,0.0618,0.0619,0.0608,0.0613,0.062,0.0623,0.0631,0.0635,0.0596
10/19/2005,0.0605,0.0607,0.0609,0.0617,0.0616,0.0603,0.0606,0.0613,0.0616,0.0624,0.0628,0.0596
10/20/2005,0.0605,0.0608,0.061,0.0617,0.0617,0.0605,0.061,0.0617,0.062,0.0627,0.0632,0.0596
10/21/2005,0.0604,0.0608,0.061,0.0616,0.0616,0.0603,0.0606,0.0612,0.0615,0.0623,0.0628,0.0597
10/24/2005,0.0606,0.0608,0.061,0.0616,0.0617,0.0603,0.0606,0.0612,0.0615,0.0618,0.0622,0.0597
10/25/2005,0.0607,0.0608,0.0611,0.0618,0.0621,0.061,0.0613,0.0619,0.0622,0.0629,0.0633,0.0597
10/26/2005,0.0606,0.0609,0.0612,0.0621,0.0619,0.0609,0.0614,0.0621,0.0624,0.0632,0.0637,0.0598
10/27/2005,0.0606,0.0608,0.0611,0.0617,0.0619,0.0608,0.0615,0.0622,0.0625,0.063,0.0642,0.0597
10/28/2005,0.0605,0.0608,0.0611,0.0615,0.0615,0.0605,0.061,0.0617,0.062,0.0629,0.0633,0.0597
10/31/2005,0.0607,0.0608,0.0611,0.0617,0.0617,0.0607,0.0612,0.0617,0.062,0.0627,0.0633,0.0597
11/3/2005,0.0606,0.0608,0.061,0.0616,0.0616,0.0607,0.0614,0.062,0.0622,0.0631,0.0637,0.0597
11/4/2005,0.0605,0.0607,0.061,0.0615,0.0618,0.0611,0.062,0.0626,0.0628,0.0637,0.0643,0.0596
11/7/2005,0.0608,0.0609,0.0611,0.0618,0.0619,0.0612,0.0622,0.0628,0.0631,0.0636,0.0641,0.0598
11/8/2005,0.0606,0.0608,0.061,0.0616,0.062,0.061,0.0618,0.0624,0.0626,0.0634,0.0646,0.0597
11/9/2005,0.0606,0.0608,0.0609,0.0616,0.0619,0.0611,0.0618,0.0625,0.0627,0.0633,0.0638,0.0597
11/10/2005,0.0607,0.0608,0.061,0.0617,0.0617,0.0608,0.0618,0.0621,0.0623,0.0632,0.0637,0.0597
11/11/2005,0.0606,0.0607,0.0609,0.0614,0.0615,0.0604,0.061,0.0616,0.0618,0.0627,0.0633,0.0596
11/14/2005,0.0607,0.0607,0.0609,0.0613,0.0612,0.06,0.0606,0.0612,0.0614,0.0623,0.0629,0.0596
11/15/2005,0.0607,0.0608,0.061,0.0614,0.0615,0.0605,0.0612,0.0618,0.0621,0.0629,0.0636,0.0597
11/16/2005,0.0606,0.0608,0.0609,0.0613,0.0613,0.0603,0.0607,0.0614,0.0616,0.0623,0.0628,0.0597
11/17/2005,0.0604,0.0607,0.0609,0.0612,0.0612,0.0599,0.0608,0.0614,0.0616,0.0623,0.0628,0.0596
11/18/2005,0.0604,0.0606,0.0608,0.0612,0.0611,0.0598,0.0604,0.0609,0.0611,0.062,0.0624,0.0595
11/21/2005,0.0604,0.0606,0.0608,0.0613,0.0612,0.0602,0.0608,0.061,0.0613,0.0621,0.0626,0.0595
11/22/2005,0.0603,0.0606,0.0607,0.0612,0.0613,0.0603,0.0608,0.0615,0.0618,0.0625,0.0631,0.0595
11/23/2005,0.0603,0.0606,0.0607,0.061,0.0611,0.0601,0.0608,0.0615,0.0618,0.0625,0.0631,0.0595
11/28/2005,0.0604,0.0606,0.0607,0.061,0.0611,0.0601,0.0607,0.0614,0.0617,0.0622,0.0629,0.0595
11/29/2005,0.0606,0.0606,0.0608,0.0611,0.061,0.06,0.0606,0.0614,0.0617,0.062,0.0628,0.0596
11/30/2005,0.0605,0.0606,0.0608,0.0612,0.0609,0.0601,0.0609,0.0615,0.0618,0.0626,0.0632,0.0596
12/1/2005,0.0604,0.0606,0.0607,0.061,0.0609,0.0601,0.0612,0.0617,0.0617,0.0623,0.0631,0.0596
12/2/2005,0.0606,0.0606,0.0607,0.061,0.0609,0.06,0.061,0.0615,0.0618,0.0625,0.063,0.0596
12/5/2005,0.0605,0.0606,0.0607,0.061,0.0611,0.0604,0.0612,0.0619,0.0622,0.063,0.0637,0.0595
12/6/2005,0.0606,0.0607,0.0608,0.0612,0.0614,0.0607,0.0615,0.0622,0.0626,0.0633,0.0639,0.0596
12/7/2005,0.0607,0.0607,0.0608,0.0612,0.0613,0.0606,0.0614,0.0618,0.0626,0.0631,0.0634,0.0597
12/8/2005,0.0606,0.0607,0.0608,0.0613,0.0618,0.0612,0.0621,0.0624,0.0627,0.0635,0.064,0.0596
12/9/2005,0.0607,0.0608,0.0609,0.0616,0.0617,0.0609,0.0615,0.0617,0.0624,0.063,0.0638,0.0597
12/12/2005,0.0607,0.0608,0.0609,0.0616,0.0619,0.0612,0.0618,0.0624,0.0627,0.0633,0.0638,0.0598
12/13/2005,0.0607,0.0608,0.0609,0.0617,0.062,0.0611,0.0619,0.0624,0.0627,0.0631,0.0637,0.0597
12/14/2005,0.0608,0.0609,0.0611,0.0617,0.062,0.061,0.0616,0.0621,0.0623,0.0628,0.0633,0.0598
12/15/2005,0.0608,0.0609,0.061,0.0617,0.0618,0.0609,0.0614,0.0618,0.062,0.0626,0.0631,0.0598
12/16/2005,0.0607,0.0609,0.061,0.0616,0.0614,0.0602,0.0606,0.061,0.0612,0.0619,0.0624,0.0598
12/19/2005,0.0606,0.0608,0.0609,0.0615,0.0614,0.0604,0.0611,0.0612,0.0616,0.062,0.0625,0.0597
12/20/2005,0.0607,0.0609,0.061,0.0615,0.0614,0.0603,0.0608,0.0612,0.0614,0.0619,0.0623,0.0598
12/21/2005,0.0606,0.0608,0.061,0.0616,0.0614,0.0603,0.0609,0.0613,0.0615,0.0616,0.0621,0.0597
12/22/2005,0.0606,0.0608,0.061,0.0616,0.0614,0.0602,0.0611,0.0615,0.0616,0.0623,0.063,0.0597
12/27/2005,0.0606,0.0607,0.0608,0.0612,0.0612,0.0598,0.0608,0.0612,0.0613,0.0619,0.0626,0.0598
12/28/2005,0.0606,0.0608,0.0608,0.0613,0.061,0.0598,0.0602,0.0606,0.0607,0.0611,0.0616,0.0598
12/30/2005,0.0608,0.0609,0.0609,0.0614,0.061,0.0597,0.06,0.0603,0.0605,0.0609,0.0614,0.0599
1/3/2006,0.0608,0.0608,0.0609,0.0614,0.0613,0.06,0.0603,0.0606,0.0608,0.0616,0.0623,0.0575
1/4/2006,0.0606,0.0608,0.0609,0.0613,0.0612,0.0598,0.0602,0.0602,0.0605,0.061,0.0614,0.0576
1/5/2006,0.0606,0.0608,0.0609,0.0613,0.0609,0.0595,0.0596,0.0599,0.0603,0.0608,0.0613,0.0575
1/6/2006,0.0607,0.0608,0.0609,0.0613,0.0609,0.0595,0.0596,0.06,0.0602,0.0607,0.0612,0.0576
1/9/2006,0.0606,0.0608,0.0608,0.0612,0.0608,0.0589,0.0593,0.0596,0.06,0.0603,0.0609,0.0575
1/10/2006,0.0605,0.0608,0.061,0.0613,0.061,0.0592,0.06,0.0599,0.0603,0.0606,0.0612,0.0575
1/11/2006,0.0604,0.0608,0.0609,0.0613,0.061,0.0593,0.0599,0.0598,0.0602,0.0606,0.0612,0.0575
1/12/2006,0.0604,0.0607,0.0609,0.0615,0.0611,0.0593,0.0599,0.0602,0.0605,0.0608,0.062,0.0574
1/13/2006,0.0604,0.0606,0.0608,0.0614,0.0607,0.0588,0.0593,0.0596,0.06,0.0603,0.0609,0.0573
1/17/2006,0.0603,0.0607,0.0608,0.0611,0.0607,0.0585,0.0593,0.0596,0.06,0.0603,0.061,0.0574
1/18/2006,0.0604,0.0607,0.0608,0.0612,0.0604,0.0585,0.0589,0.0592,0.0596,0.0597,0.0605,0.0574
1/19/2006,0.0603,0.0607,0.0608,0.0612,0.0606,0.0585,0.0591,0.0593,0.0597,0.0599,0.0607,0.0574
1/20/2006,0.0604,0.0607,0.0608,0.0612,0.0607,0.0588,0.0593,0.0596,0.06,0.0603,0.0609,0.0574
1/23/2006,0.0603,0.0607,0.0608,0.0611,0.0605,0.0585,0.059,0.0592,0.0596,0.0599,0.0605,0.0574
1/24/2006,0.0604,0.0606,0.0608,0.061,0.0605,0.0587,0.0592,0.0594,0.0598,0.0602,0.0609,0.0573
1/25/2006,0.0604,0.0607,0.0609,0.0612,0.0608,0.0591,0.0601,0.0605,0.0608,0.0611,0.0617,0.0574
1/26/2006,0.0604,0.0607,0.0609,0.0612,0.0608,0.0591,0.0605,0.0609,0.0612,0.0615,0.0621,0.0596
1/27/2006,0.0605,0.0607,0.0608,0.0612,0.0609,0.0594,0.0602,0.0606,0.061,0.0616,0.0623,0.0596
1/30/2006,0.0605,0.0607,0.0608,0.0613,0.0609,0.0596,0.0608,0.0611,0.0612,0.0617,0.0625,0.0596
1/31/2006,0.0605,0.0607,0.0609,0.0612,0.061,0.0594,0.0603,0.0608,0.0612,0.062,0.0624,0.061
2/1/2006,0.0604,0.0607,0.0608,0.0611,0.0608,0.0595,0.0604,0.0609,0.0613,0.0618,0.0626,0.061
2/2/2006,0.0605,0.0607,0.0608,0.0611,0.0611,0.0598,0.0609,0.0613,0.0617,0.0621,0.0629,0.061
2/3/2006,0.0604,0.0607,0.0608,0.0611,0.0609,0.0596,0.0606,0.061,0.0614,0.0618,0.0626,0.0609
2/6/2006,0.0605,0.0607,0.0609,0.061,0.0609,0.0594,0.0603,0.0607,0.061,0.0614,0.0621,0.0609
2/7/2006,0.0606,0.0607,0.0609,0.0611,0.061,0.0596,0.0604,0.0608,0.0611,0.0615,0.0622,0.061
2/8/2006,0.0605,0.0607,0.0607,0.0612,0.061,0.0594,0.0601,0.0605,0.0608,0.0611,0.0618,0.0609
2/9/2006,0.0605,0.0606,0.0607,0.061,0.0606,0.0591,0.0598,0.0602,0.0605,0.061,0.0618,0.0609
2/10/2006,0.0604,0.0606,0.0608,0.0609,0.0605,0.0589,0.0598,0.0599,0.0603,0.0606,0.0613,0.0608
2/13/2006,0.0604,0.0606,0.0606,0.0608,0.0606,0.0592,0.0599,0.0605,0.0607,0.0612,0.0619,0.0608
2/14/2006,0.0605,0.0606,0.0607,0.061,0.0607,0.0591,0.0598,0.0604,0.0606,0.061,0.0617,0.0608
2/15/2006,0.0605,0.0606,0.0608,0.0611,0.0608,0.0589,0.0597,0.0603,0.0605,0.061,0.0617,0.0608
2/16/2006,0.0604,0.0606,0.0607,0.061,0.0607,0.0591,0.0602,0.0603,0.0606,0.061,0.0617,0.0609
2/17/2006,0.0603,0.0606,0.0606,0.061,0.0607,0.059,0.0596,0.0603,0.0605,0.0608,0.0619,0.0608
2/21/2006,0.0606,0.0608,0.0608,0.0611,0.0607,0.0588,0.0593,0.0597,0.06,0.0602,0.0609,0.0608
2/22/2006,0.0606,0.0607,0.0608,0.0611,0.0608,0.059,0.0595,0.06,0.0603,0.0606,0.0612,0.0607
2/23/2006,0.0606,0.0607,0.0608,0.0611,0.0609,0.059,0.0595,0.0596,0.0601,0.0603,0.0609,0.0607
2/24/2006,0.0606,0.0608,0.0609,0.0611,0.0609,0.0591,0.0598,0.0598,0.06,0.0606,0.061,0.0607
2/27/2006,0.0606,0.0608,0.0608,0.0611,0.061,0.0594,0.0601,0.0605,0.0608,0.0613,0.0619,0.0608
2/28/2006,0.0608,0.0608,0.0609,0.0613,0.0609,0.0593,0.0599,0.0604,0.0606,0.061,0.0616,0.0608
3/1/2006,0.0607,0.0608,0.0609,0.0611,0.0609,0.059,0.0596,0.0601,0.0604,0.0608,0.0614,0.0608
3/2/2006,0.0607,0.0608,0.0609,0.0612,0.061,0.0591,0.0599,0.0604,0.0606,0.061,0.0616,0.0608
3/3/2006,0.0605,0.0606,0.0608,0.0612,0.061,0.0594,0.0603,0.0608,0.061,0.0615,0.0621,0.0606
3/6/2006,0.0607,0.0607,0.0608,0.0612,0.0611,0.0596,0.0604,0.061,0.0612,0.0616,0.0622,0.0607
3/7/2006,0.0607,0.0608,0.061,0.0613,0.061,0.0595,0.0605,0.0611,0.0614,0.0617,0.0623,0.0608
3/8/2006,0.0606,0.0608,0.0608,0.0613,0.061,0.0596,0.0604,0.061,0.0612,0.0616,0.0622,0.0607
3/9/2006,0.0606,0.0607,0.0609,0.0612,0.0611,0.0598,0.0606,0.0612,0.0614,0.0617,0.0622,0.0607
3/10/2006,0.0605,0.0607,0.0609,0.0613,0.0613,0.0599,0.0609,0.0615,0.0617,0.0621,0.0626,0.0607
3/13/2006,0.0605,0.0606,0.0609,0.0613,0.0615,0.0603,0.0612,0.0616,0.0619,0.0625,0.0632,0.0606
3/14/2006,0.0604,0.0606,0.0609,0.0613,0.0615,0.06,0.0615,0.0615,0.0618,0.0624,0.0631,0.0606
3/15/2006,0.0605,0.0606,0.0609,0.0613,0.0613,0.0597,0.0605,0.0609,0.0612,0.0618,0.0625,0.0606
3/16/2006,0.0605,0.0607,0.0608,0.0611,0.0612,0.0595,0.0602,0.0606,0.0608,0.0614,0.062,0.0607
3/17/2006,0.0605,0.0606,0.0607,0.0612,0.061,0.0592,0.0598,0.0601,0.0604,0.061,0.0616,0.0606
3/20/2006,0.0605,0.0607,0.0608,0.0613,0.0609,0.0594,0.06,0.0603,0.0606,0.0611,0.0618,0.0606
3/21/2006,0.0605,0.0607,0.0608,0.0612,0.061,0.0593,0.0599,0.0601,0.0604,0.0611,0.0618,0.0607
3/22/2006,0.0605,0.0607,0.0607,0.0612,0.061,0.0595,0.0602,0.0605,0.0609,0.0615,0.0622,0.0607
3/23/2006,0.0605,0.0607,0.0608,0.0612,0.061,0.0594,0.0601,0.0604,0.0607,0.0612,0.0619,0.0607
3/24/2006,0.0605,0.0606,0.0607,0.0612,0.061,0.0597,0.0604,0.0607,0.061,0.0615,0.0622,0.0606
3/27/2006,0.0606,0.0606,0.0607,0.0611,0.0609,0.0593,0.0598,0.0602,0.0605,0.0609,0.0614,0.0606
3/28/2006,0.0606,0.0607,0.0609,0.0612,0.0611,0.0595,0.0605,0.0605,0.0608,0.0614,0.0618,0.0607
3/29/2006,0.0607,0.0607,0.0609,0.0613,0.0612,0.0596,0.0604,0.0609,0.0612,0.0618,0.0623,0.0607
3/30/2006,0.0607,0.0608,0.0609,0.0613,0.0611,0.0597,0.0605,0.0609,0.0612,0.0621,0.0623,0.0608
3/31/2006,0.0608,0.0608,0.0609,0.0613,0.0614,0.06,0.0607,0.0612,0.0615,0.0621,0.0626,0.0608
4/3/2006,0.0606,0.0607,0.0607,0.0613,0.0618,0.0605,0.0609,0.0615,0.0615,0.0623,0.0626,0.0607
4/4/2006,0.0606,0.0607,0.0608,0.0614,0.0619,0.0607,0.0614,0.062,0.062,0.0626,0.0627,0.0607
4/5/2006,0.0607,0.0608,0.061,0.0618,0.0622,0.0608,0.0619,0.062,0.062,0.0627,0.0629,0.0608
4/6/2006,0.0607,0.061,0.0611,0.0621,0.0629,0.0616,0.0623,0.0627,0.0628,0.0635,0.0636,0.061
4/7/2006,0.0607,0.0611,0.0613,0.0625,0.0631,0.0618,0.0629,0.0628,0.0633,0.0635,0.0646,0.0611
4/10/2006,0.0608,0.0613,0.0616,0.0626,0.0631,0.0619,0.0627,0.063,0.0633,0.0639,0.0645,0.0613
4/11/2006,0.0608,0.0612,0.0615,0.0625,0.0631,0.0622,0.063,0.0633,0.0636,0.0642,0.0644,0.0612
4/12/2006,0.0608,0.0612,0.0615,0.0628,0.0632,0.062,0.0628,0.0631,0.0633,0.0639,0.0644,0.0612
4/13/2006,0.0607,0.0612,0.0615,0.0628,0.0634,0.0623,0.0631,0.0634,0.0637,0.0644,0.065,0.0612
4/17/2006,0.0607,0.0612,0.0615,0.0628,0.0634,0.0624,0.0634,0.0637,0.064,0.0647,0.0655,0.0612
4/18/2006,0.0608,0.0613,0.0615,0.0629,0.0631,0.0621,0.063,0.0633,0.0636,0.0643,0.0649,0.0613
4/19/2006,0.0608,0.0613,0.0614,0.0626,0.0631,0.0618,0.0626,0.0629,0.0633,0.064,0.0646,0.0613
4/20/2006,0.0608,0.0614,0.0618,0.0627,0.0635,0.0623,0.0632,0.0635,0.0639,0.0646,0.0652,0.0614
4/21/2006,0.0609,0.0615,0.0617,0.063,0.0635,0.0624,0.0634,0.0638,0.0641,0.0647,0.0653,0.0615
4/24/2006,0.0612,0.0616,0.0622,0.0631,0.0635,0.0624,0.0633,0.0635,0.0638,0.0647,0.0649,0.0616
4/25/2006,0.0612,0.0616,0.0622,0.0631,0.0637,0.0627,0.0633,0.0635,0.0638,0.0647,0.0649,0.0616
4/26/2006,0.0612,0.0616,0.0618,0.0627,0.0646,0.0637,0.0652,0.065,0.0652,0.0658,0.0662,0.0616
4/27/2006,0.062,0.0622,0.0627,0.0638,0.0644,0.0631,0.0645,0.0645,0.0648,0.0654,0.0659,0.0622
4/28/2006,0.0621,0.0626,0.063,0.0638,0.0645,0.0633,0.0647,0.0645,0.0648,0.0654,0.0659,0.0626
5/1/2006,0.062,0.0625,0.0628,0.0641,0.0644,0.0632,0.0646,0.0645,0.0648,0.0654,0.0659,0.0624
5/2/2006,0.0619,0.0625,0.0628,0.0639,0.0644,0.0633,0.0646,0.065,0.0654,0.0661,0.0664,0.0624
5/3/2006,0.063,0.0633,0.0635,0.0646,0.0653,0.0641,0.0655,0.0653,0.0656,0.0662,0.0666,0.0633
5/4/2006,0.063,0.0633,0.0636,0.0647,0.065,0.064,0.065,0.0654,0.0657,0.0662,0.0666,0.0633
5/5/2006,0.063,0.0634,0.0637,0.0647,0.065,0.0637,0.0646,0.065,0.0653,0.0665,0.0672,0.0634
5/8/2006,0.0631,0.0633,0.0635,0.0644,0.0648,0.0635,0.0644,0.0649,0.0653,0.0658,0.0662,0.0633
5/9/2006,0.063,0.0633,0.0636,0.0645,0.0652,0.0642,0.0656,0.0657,0.066,0.066,0.0666,0.0633
5/10/2006,0.0631,0.0633,0.0636,0.0646,0.0655,0.0642,0.0652,0.0657,0.066,0.0664,0.0664,0.0633
5/11/2006,0.0631,0.0634,0.0637,0.0647,0.0653,0.0642,0.0652,0.0657,0.066,0.0664,0.0669,0.0634
5/12/2006,0.0631,0.0634,0.0636,0.0646,0.0652,0.0642,0.0652,0.0656,0.066,0.0664,0.0669,0.0634
5/15/2006,0.0632,0.0634,0.0637,0.0646,0.0651,0.0637,0.0647,0.0652,0.0656,0.0661,0.0665,0.0634
5/16/2006,0.0632,0.0634,0.0636,0.0647,0.0651,0.0639,0.065,0.065,0.0653,0.0656,0.0662,0.0634
5/17/2006,0.0631,0.0634,0.0636,0.0647,0.0655,0.0645,0.0653,0.0657,0.0661,0.0663,0.0667,0.0634
5/18/2006,0.0631,0.0634,0.0637,0.0648,0.0652,0.0637,0.0646,0.0651,0.0654,0.0658,0.0662,0.0634
5/19/2006,0.0631,0.0633,0.0637,0.0647,0.0652,0.0638,0.0647,0.0646,0.065,0.0651,0.0657,0.0633
5/22/2006,0.063,0.0633,0.0637,0.0648,0.065,0.0634,0.0643,0.0642,0.0645,0.0648,0.0652,0.0633
5/23/2006,0.063,0.0633,0.0637,0.0646,0.0649,0.0634,0.0641,0.0645,0.0648,0.0652,0.0656,0.0633
5/24/2006,0.063,0.0632,0.0635,0.0645,0.0649,0.0635,0.0644,0.0643,0.0646,0.0649,0.0654,0.0632
5/25/2006,0.063,0.0633,0.0637,0.0648,0.0651,0.0636,0.0644,0.0643,0.0646,0.0648,0.0652,0.0633
5/26/2006,0.0631,0.0633,0.0638,0.0647,0.0651,0.0637,0.0647,0.065,0.0653,0.0654,0.066,0.0633
5/30/2006,0.0631,0.0633,0.0638,0.0647,0.0651,0.0637,0.0647,0.065,0.0653,0.0654,0.066,0.0638
06/01/2006,0.063200,0.063500,0.063800,0.064900,0.065500,0.064000,0.064900,0.064900,0.065200,0.065400,0.065800,0.063500
06/02/2006,0.063200,0.063500,0.063800,0.064900,0.065200,0.063600,0.064400,0.064800,0.065100,0.065500,0.065900,0.063500
06/05/2006,0.063300,0.063500,0.063900,0.064700,0.064900,0.062900,0.063400,0.063800,0.064300,0.064500,0.064800,0.063500
06/06/2006,0.063200,0.063400,0.063800,0.064700,0.065100,0.063300,0.064100,0.063800,0.064400,0.064500,0.064800,0.063400
06/07/2006,0.063100,0.063400,0.063800,0.064700,0.065100,0.063400,0.064300,0.064200,0.064600,0.064900,0.065200,0.063400
06/08/2006,0.063100,0.063400,0.063700,0.064900,0.065600,0.063900,0.064500,0.064900,0.065400,0.065600,0.065800,0.063400
06/09/2006,0.063100,0.063700,0.064100,0.065400,0.065800,0.064000,0.064400,0.064700,0.065100,0.065200,0.065500,0.063700
06/12/2006,0.063100,0.063700,0.064100,0.065400,0.065800,0.064100,0.064600,0.064900,0.065300,0.065400,0.065600,0.063700
06/13/2006,0.063300,0.063700,0.064300,0.065600,0.065700,0.063700,0.064200,0.064600,0.064900,0.065100,0.065300,0.063700
06/14/2006,0.063300,0.063600,0.064300,0.065500,0.065500,0.063600,0.063900,0.064200,0.064900,0.065000,0.065000,0.063600
06/15/2006,0.063400,0.063700,0.064400,0.065800,0.065700,0.064200,0.064700,0.065100,0.065500,0.065600,0.065800,0.063700
06/16/2006,0.063400,0.064200,0.064700,0.065600,0.066100,0.064400,0.065500,0.065200,0.065700,0.065900,0.066000,0.064100
06/19/2006,0.063300,0.064200,0.064700,0.065600,0.066200,0.064700,0.065700,0.065600,0.066000,0.066100,0.066300,0.064200
06/20/2006,0.063400,0.064200,0.064600,0.065700,0.066100,0.064400,0.065000,0.065500,0.066000,0.066200,0.066400,0.064200
06/21/2006,0.063600,0.064200,0.064800,0.065700,0.066100,0.064600,0.065600,0.065500,0.065900,0.066100,0.066200,0.064200
06/22/2006,0.063700,0.064300,0.064900,0.066200,0.066300,0.064700,0.065400,0.065800,0.066300,0.066400,0.066700,0.064300
06/23/2006,0.064100,0.064500,0.065100,0.066100,0.066500,0.065100,0.065900,0.066100,0.066500,0.066800,0.067100,0.064500
06/26/2006,0.064100,0.064700,0.065300,0.066100,0.066400,0.065100,0.065900,0.066300,0.066800,0.066900,0.066800,0.064700
06/27/2006,0.064100,0.064700,0.065100,0.066100,0.066500,0.065100,0.066000,0.066000,0.066400,0.066500,0.066800,0.064700
06/28/2006,0.064100,0.064700,0.065200,0.066100,0.066500,0.064900,0.066100,0.066500,0.066500,0.066600,0.066900,0.064700
06/29/2006,0.064100,0.064700,0.065100,0.066000,0.066700,0.065200,0.066200,0.066200,0.066600,0.066600,0.066900,0.064700
06/30/2006,0.063600,0.064400,0.064600,0.065800,0.066000,0.064600,0.065300,0.065100,0.065900,0.065900,0.066100,0.064400
07/03/2006,0.063600,0.064100,0.064400,0.065400,0.066100,0.064600,0.065200,0.065100,0.065800,0.066100,0.066000,0.064100
07/05/2006,0.063400,0.064000,0.064300,0.065600,0.066500,0.065200,0.066300,0.066300,0.066700,0.066700,0.066900,0.064000
07/06/2006,0.063600,0.064100,0.064600,0.065800,0.066400,0.065100,0.066000,0.066100,0.066500,0.066500,0.066800,0.064100
07/07/2006,0.063500,0.064100,0.064300,0.065800,0.066500,0.065300,0.066200,0.066200,0.066600,0.066700,0.067000,0.064100
07/10/2006,0.063600,0.064100,0.064400,0.065700,0.066200,0.064900,0.065700,0.066100,0.066500,0.066500,0.066300,0.064100
07/11/2006,0.063600,0.064100,0.064300,0.065700,0.066400,0.065000,0.065700,0.066100,0.066500,0.066500,0.066700,0.064100
07/12/2006,0.063700,0.064300,0.064800,0.066100,0.066900,0.065600,0.066800,0.066800,0.067100,0.067000,0.067200,0.064300
07/13/2006,0.063600,0.064400,0.064900,0.066400,0.067300,0.066000,0.067200,0.067000,0.067300,0.067300,0.067400,0.064400
07/14/2006,0.063900,0.064500,0.065300,0.066600,0.067300,0.065900,0.066500,0.066900,0.067200,0.067200,0.067300,0.064500
07/17/2006,0.064400,0.065000,0.065400,0.066600,0.067500,0.066300,0.066800,0.067200,0.067500,0.067500,0.067600,0.065000
07/18/2006,0.064500,0.065100,0.065500,0.066900,0.067600,0.066500,0.067100,0.067400,0.067700,0.067800,0.068000,0.065100
07/19/2006,0.064600,0.065100,0.065500,0.066800,0.067200,0.065800,0.066400,0.066800,0.067100,0.067200,0.067400,0.065100
07/20/2006,0.064500,0.065000,0.065700,0.066700,0.067400,0.066100,0.066600,0.067000,0.067200,0.067300,0.067400,0.065000
07/21/2006,0.064700,0.065100,0.065500,0.066600,0.067200,0.065700,0.066200,0.066600,0.067000,0.066900,0.066900,0.065100
07/24/2006,0.064700,0.065200,0.065700,0.066900,0.067600,0.066200,0.067200,0.067500,0.067900,0.067400,0.067400,0.065200
07/25/2006,0.064900,0.065300,0.066000,0.067200,0.067800,0.066300,0.067100,0.067000,0.067300,0.067200,0.067200,0.065300
07/26/2006,0.065300,0.065400,0.065900,0.067200,0.068200,0.066900,0.067500,0.067900,0.068200,0.068200,0.068200,0.065400
07/27/2006,0.065400,0.065800,0.066300,0.067700,0.068100,0.066500,0.067500,0.067300,0.067600,0.067700,0.067600,0.065800
07/28/2006,0.065500,0.066000,0.066500,0.067900,0.068100,0.066400,0.067300,0.067700,0.068000,0.067900,0.067900,0.066000
07/31/2006,0.065800,0.066200,0.066900,0.068100,0.068000,0.066500,0.067000,0.067300,0.067600,0.067500,0.067400,0.062700,0.061000,0.062100,0.063300
08/01/2006,0.065700,0.066200,0.066600,0.067800,0.068200,0.066300,0.067100,0.067300,0.067200,0.067600,0.067600,0.062700,0.060900,0.061800,0.063000
08/02/2006,0.065700,0.066200,0.066700,0.067700,0.068100,0.066200,0.067000,0.067300,0.067200,0.067600,0.067200,0.062700,0.060900,0.061900,0.062900
08/03/2006,0.065800,0.066200,0.066700,0.067800,0.067900,0.066000,0.066800,0.066600,0.067000,0.066800,0.066800,0.062700,0.060900,0.061900,0.063000
08/04/2006,0.065700,0.066300,0.066800,0.067900,0.068000,0.066000,0.066400,0.066200,0.066600,0.066600,0.066600,0.062800,0.060900,0.062000,0.063100
08/07/2006,0.065700,0.066300,0.066800,0.067900,0.067900,0.066000,0.066400,0.066100,0.066500,0.066400,0.066400,0.062800,0.060900,0.062000,0.063100
08/08/2006,0.066100,0.066300,0.066600,0.067700,0.067900,0.065700,0.066000,0.066300,0.066700,0.066500,0.066600,0.062800,0.061300,0.061800,0.062900
08/09/2006,0.066000,0.066200,0.066600,0.067500,0.067800,0.066000,0.066300,0.066600,0.067000,0.067000,0.067100,0.062700,0.061200,0.061800,0.062600
08/10/2006,0.066000,0.066300,0.066800,0.067600,0.068300,0.066500,0.067200,0.067000,0.067200,0.067600,0.067600,0.062800,0.061200,0.062000,0.062800
08/11/2006,0.066100,0.066400,0.066900,0.067900,0.068400,0.066600,0.067600,0.067500,0.067700,0.067800,0.067900,0.062900,0.061200,0.062100,0.063000
08/14/2006,0.066200,0.066500,0.067000,0.068400,0.068600,0.067000,0.067900,0.068000,0.068200,0.068200,0.068300,0.063000,0.061400,0.062200,0.063600
08/15/2006,0.066300,0.066500,0.067100,0.068400,0.068600,0.066900,0.067700,0.067200,0.067400,0.067500,0.067600,0.063000,0.061500,0.062300,0.063600
08/16/2006,0.066100,0.066700,0.066900,0.068100,0.068500,0.066700,0.067400,0.067700,0.067900,0.068100,0.067900,0.063200,0.061300,0.062100,0.063300
08/17/2006,0.065900,0.066400,0.066600,0.067700,0.067900,0.066000,0.066700,0.066800,0.067100,0.066900,0.066800,0.062900,0.061100,0.061800,0.062900
08/18/2006,0.065800,0.066400,0.066600,0.067900,0.068000,0.066000,0.066800,0.066400,0.066700,0.066400,0.066500,0.062900,0.061000,0.061800,0.063100
08/21/2006,0.066000,0.066400,0.066500,0.067700,0.067700,0.065700,0.066300,0.066300,0.066600,0.066500,0.066400,0.066400,0.061200,0.061700,0.062900
08/22/2006,0.065900,0.066300,0.066500,0.067500,0.067900,0.065900,0.066500,0.066500,0.066800,0.066600,0.066700,0.066300,0.061200,0.061700,0.062900
08/23/2006,0.065900,0.066300,0.066700,0.067700,0.068000,0.066000,0.066600,0.066600,0.066800,0.066400,0.066400,0.066300,0.061100,0.061900,0.062900
08/24/2006,0.066000,0.066400,0.066700,0.067700,0.068000,0.065900,0.066400,0.066400,0.066600,0.066400,0.066300,0.066400,0.061200,0.061900,0.062900
08/25/2006,0.065900,0.066300,0.066600,0.067600,0.067800,0.065800,0.066400,0.065900,0.066000,0.065500,0.065400,0.066200,0.061100,0.061800,0.062800
